,Company_Name,Link,Booth,Website
0,Awkward Styles,https://iss.a2zinc.net/LongBeach2020/Public/eBooth.aspx?IndexInList=31&FromPage=Exhibitors.aspx&ParentBoothID=&ListByBooth=true&BoothID=998506&fromFeatured=1,257,http://www.awkwardstyles.com
1,Big Oven Tees Inc,https://iss.a2zinc.net/LongBeach2020/Public/eBooth.aspx?IndexInList=45&FromPage=Exhibitors.aspx&ParentBoothID=&ListByBooth=true&BoothID=1043171&fromFeatured=1,4033,http://www.bigoventees.com
2,3A Thread & Supply,https://iss.a2zinc.net/LongBeach2020/Public/eBooth.aspx?IndexInList=0&FromPage=Exhibitors.aspx&ParentBoothID=&ListByBooth=true&BoothID=997667,2525,http://www.us3a.com
3,A&E Robison-Anton Embroidery Threads,https://iss.a2zinc.net/LongBeach2020/Public/eBooth.aspx?IndexInList=1&FromPage=Exhibitors.aspx&ParentBoothID=&ListByBooth=true&BoothID=998487,830,http://www.amefird.com
4,"A.K.H., S. de R. L.",https://iss.a2zinc.net/LongBeach2020/Public/eBooth.aspx?IndexInList=2&FromPage=Exhibitors.aspx&ParentBoothID=&ListByBooth=true&BoothID=1082048,1310,No Website
5,A.M.S.,https://iss.a2zinc.net/LongBeach2020/Public/eBooth.aspx?IndexInList=3&FromPage=Exhibitors.aspx&ParentBoothID=&ListByBooth=true&BoothID=998604,764,http://www.amsfashionhouse.com
6,A4 Moshay,https://iss.a2zinc.net/LongBeach2020/Public/eBooth.aspx?IndexInList=4&FromPage=Exhibitors.aspx&ParentBoothID=&ListByBooth=true&BoothID=1024812,1659,http://www.a4.com
7,AA Mills,https://iss.a2zinc.net/LongBeach2020/Public/eBooth.aspx?IndexInList=5&FromPage=Exhibitors.aspx&ParentBoothID=&ListByBooth=true&BoothID=1024867,2130,www.aamills.com
8,Ace Transfer Company Inc.,https://iss.a2zinc.net/LongBeach2020/Public/eBooth.aspx?IndexInList=6&FromPage=Exhibitors.aspx&ParentBoothID=&ListByBooth=true&BoothID=997720,2017,http://www.acetransco.com
9,Action Illustrated,https://iss.a2zinc.net/LongBeach2020/Public/eBooth.aspx?IndexInList=7&FromPage=Exhibitors.aspx&ParentBoothID=&ListByBooth=true&BoothID=1018262,100,No Website
10,Action Illustrated,https://iss.a2zinc.net/LongBeach2020/Public/eBooth.aspx?IndexInList=8&FromPage=Exhibitors.aspx&ParentBoothID=&ListByBooth=true&BoothID=1024637,1725,http://www.actionillustrated.com
11,Advanced Color Solutions,https://iss.a2zinc.net/LongBeach2020/Public/eBooth.aspx?IndexInList=9&FromPage=Exhibitors.aspx&ParentBoothID=&ListByBooth=true&BoothID=1071108,3723,http://www.acslf.com
12,Advertising Specialty Institute,https://iss.a2zinc.net/LongBeach2020/Public/eBooth.aspx?IndexInList=10&FromPage=Exhibitors.aspx&ParentBoothID=&ListByBooth=true&BoothID=1081009,3531,http://www.asicentral.com
13,Aeoon North America,https://iss.a2zinc.net/LongBeach2020/Public/eBooth.aspx?IndexInList=11&FromPage=Exhibitors.aspx&ParentBoothID=&ListByBooth=true&BoothID=998584,865,http://aeoon.com
14,"Albatross USA, Inc",https://iss.a2zinc.net/LongBeach2020/Public/eBooth.aspx?IndexInList=12&FromPage=Exhibitors.aspx&ParentBoothID=&ListByBooth=true&BoothID=1028376,2500,http://www.albachem.com
15,All American Print Supply Co,https://iss.a2zinc.net/LongBeach2020/Public/eBooth.aspx?IndexInList=13&FromPage=Exhibitors.aspx&ParentBoothID=&ListByBooth=true&BoothID=998123,1825,http://www.dtgmart.com
16,All Star Emblems Co.,https://iss.a2zinc.net/LongBeach2020/Public/eBooth.aspx?IndexInList=14&FromPage=Exhibitors.aspx&ParentBoothID=&ListByBooth=true&BoothID=1045797,3711,www.worldemblems.com
17,Alphabroder,https://iss.a2zinc.net/LongBeach2020/Public/eBooth.aspx?IndexInList=15&FromPage=Exhibitors.aspx&ParentBoothID=&ListByBooth=true&BoothID=998267,1024,http://www.broderbros.com
18,Alternative Apparel,https://iss.a2zinc.net/LongBeach2020/Public/eBooth.aspx?IndexInList=16&FromPage=Exhibitors.aspx&ParentBoothID=&ListByBooth=true&BoothID=1018701,819,No Website
19,AMAGIC,https://iss.a2zinc.net/LongBeach2020/Public/eBooth.aspx?IndexInList=17&FromPage=Exhibitors.aspx&ParentBoothID=&ListByBooth=true&BoothID=997699,2216,http://www.amagictextilefoils.com
20,Amann USA,https://iss.a2zinc.net/LongBeach2020/Public/eBooth.aspx?IndexInList=18&FromPage=Exhibitors.aspx&ParentBoothID=&ListByBooth=true&BoothID=998619,678,http://www.amannusa.com
21,AMDigitizing,https://iss.a2zinc.net/LongBeach2020/Public/eBooth.aspx?IndexInList=19&FromPage=Exhibitors.aspx&ParentBoothID=&ListByBooth=true&BoothID=1043108,3714,http://www.amdigitizing.com
22,American Apparel,https://iss.a2zinc.net/LongBeach2020/Public/eBooth.aspx?IndexInList=20&FromPage=Exhibitors.aspx&ParentBoothID=&ListByBooth=true&BoothID=997737,1402,http://www.americanapparelwholesale.com
23,"AnaJet, Inc.",https://iss.a2zinc.net/LongBeach2020/Public/eBooth.aspx?IndexInList=21&FromPage=Exhibitors.aspx&ParentBoothID=&ListByBooth=true&BoothID=998475,835,http://www.anajet.com
24,Anatol Equipment Mfg Co,https://iss.a2zinc.net/LongBeach2020/Public/eBooth.aspx?IndexInList=22&FromPage=Exhibitors.aspx&ParentBoothID=&ListByBooth=true&BoothID=998219,1227,http://www.anatol.com
25,Apex Transfers,https://iss.a2zinc.net/LongBeach2020/Public/eBooth.aspx?IndexInList=23&FromPage=Exhibitors.aspx&ParentBoothID=&ListByBooth=true&BoothID=998237,1127,http://www.apexemb.net
26,Art Brands,https://iss.a2zinc.net/LongBeach2020/Public/eBooth.aspx?IndexInList=24&FromPage=Exhibitors.aspx&ParentBoothID=&ListByBooth=true&BoothID=998240,1138,http://www.artbrands.com
27,Artistic Punch,https://iss.a2zinc.net/LongBeach2020/Public/eBooth.aspx?IndexInList=25&FromPage=Exhibitors.aspx&ParentBoothID=&ListByBooth=true&BoothID=998636,584,http://www.Artisticpunch.com
28,AS Colour,https://iss.a2zinc.net/LongBeach2020/Public/eBooth.aspx?IndexInList=26&FromPage=Exhibitors.aspx&ParentBoothID=&ListByBooth=true&BoothID=998199,1331,http://ascolour.com
29,Ascentium Capital,https://iss.a2zinc.net/LongBeach2020/Public/eBooth.aspx?IndexInList=27&FromPage=Exhibitors.aspx&ParentBoothID=&ListByBooth=true&BoothID=997643,371,http://www.AscentiumCapital.com
30,ASPE Inc,https://iss.a2zinc.net/LongBeach2020/Public/eBooth.aspx?IndexInList=28&FromPage=Exhibitors.aspx&ParentBoothID=&ListByBooth=true&BoothID=1065272,3618,http://www.aspesite.com
31,Augusta Sportswear Brands,https://iss.a2zinc.net/LongBeach2020/Public/eBooth.aspx?IndexInList=29&FromPage=Exhibitors.aspx&ParentBoothID=&ListByBooth=true&BoothID=997928,1018,http://www.augustasportswear.com
32,AWDis/Citadel Brands,https://iss.a2zinc.net/LongBeach2020/Public/eBooth.aspx?IndexInList=30&FromPage=Exhibitors.aspx&ParentBoothID=&ListByBooth=true&BoothID=998633,"664, 665",http://www.citadelbrands.com
33,Awkward Styles,https://iss.a2zinc.net/LongBeach2020/Public/eBooth.aspx?IndexInList=31&FromPage=Exhibitors.aspx&ParentBoothID=&ListByBooth=true&BoothID=998506,257,http://www.awkwardstyles.com
34,AWT World Trade Inc,https://iss.a2zinc.net/LongBeach2020/Public/eBooth.aspx?IndexInList=32&FromPage=Exhibitors.aspx&ParentBoothID=&ListByBooth=true&BoothID=1024895,854,http://www.awt-gpi.com
35,Axiland Rhinestone Depot,https://iss.a2zinc.net/LongBeach2020/Public/eBooth.aspx?IndexInList=33&FromPage=Exhibitors.aspx&ParentBoothID=&ListByBooth=true&BoothID=1055930,2453,http://axiland.com
36,Barudan America Inc,https://iss.a2zinc.net/LongBeach2020/Public/eBooth.aspx?IndexInList=34&FromPage=Exhibitors.aspx&ParentBoothID=&ListByBooth=true&BoothID=998201,1327,http://www.barudanamerica.com
37,BAW Athletic Wear,https://iss.a2zinc.net/LongBeach2020/Public/eBooth.aspx?IndexInList=35&FromPage=Exhibitors.aspx&ParentBoothID=&ListByBooth=true&BoothID=997940,1321,http://www.bawonline.com
38,Bayside Made in America/AST Sportswear,https://iss.a2zinc.net/LongBeach2020/Public/eBooth.aspx?IndexInList=36&FromPage=Exhibitors.aspx&ParentBoothID=&ListByBooth=true&BoothID=997902,539,http://www.astsportswear.com
39,BBC/Black Body Industries,https://iss.a2zinc.net/LongBeach2020/Public/eBooth.aspx?IndexInList=37&FromPage=Exhibitors.aspx&ParentBoothID=&ListByBooth=true&BoothID=998527,357,http://www.bbcind.com
40,Beacon Funding Corp,https://iss.a2zinc.net/LongBeach2020/Public/eBooth.aspx?IndexInList=38&FromPage=Exhibitors.aspx&ParentBoothID=&ListByBooth=true&BoothID=998088,1732,http://www.beaconfunding.com
41,"Beimar, Inc.",https://iss.a2zinc.net/LongBeach2020/Public/eBooth.aspx?IndexInList=39&FromPage=Exhibitors.aspx&ParentBoothID=&ListByBooth=true&BoothID=997704,2117,http://www.beimar.com
42,"Beimar, Inc.",https://iss.a2zinc.net/LongBeach2020/Public/eBooth.aspx?IndexInList=40&FromPage=Exhibitors.aspx&ParentBoothID=&ListByBooth=true&BoothID=997711,2116,http://www.beimar.com
43,BELLA + CANVAS,https://iss.a2zinc.net/LongBeach2020/Public/eBooth.aspx?IndexInList=41&FromPage=Exhibitors.aspx&ParentBoothID=&ListByBooth=true&BoothID=998387,1249,http://bellacanvas.com
44,BELLA + CANVAS,https://iss.a2zinc.net/LongBeach2020/Public/eBooth.aspx?IndexInList=42&FromPage=Exhibitors.aspx&ParentBoothID=&ListByBooth=true&BoothID=998403,1149,http://bellacanvas.com
45,Big Accessories Inc,https://iss.a2zinc.net/LongBeach2020/Public/eBooth.aspx?IndexInList=43&FromPage=Exhibitors.aspx&ParentBoothID=&ListByBooth=true&BoothID=1024921,1459,http://www.bigxso.com
46,Big Heatpress,https://iss.a2zinc.net/LongBeach2020/Public/eBooth.aspx?IndexInList=44&FromPage=Exhibitors.aspx&ParentBoothID=&ListByBooth=true&BoothID=997550,439,www.bigheatpress.com
47,Big Oven Tees Inc,https://iss.a2zinc.net/LongBeach2020/Public/eBooth.aspx?IndexInList=45&FromPage=Exhibitors.aspx&ParentBoothID=&ListByBooth=true&BoothID=1043171,4033,http://www.bigoventees.com
48,Blue Generation,https://iss.a2zinc.net/LongBeach2020/Public/eBooth.aspx?IndexInList=46&FromPage=Exhibitors.aspx&ParentBoothID=&ListByBooth=true&BoothID=1055932,2449,http://www.bluegeneration.com
49,"Boxercraft, Inc.",https://iss.a2zinc.net/LongBeach2020/Public/eBooth.aspx?IndexInList=47&FromPage=Exhibitors.aspx&ParentBoothID=&ListByBooth=true&BoothID=998109,1932,http://www.boxercraft.com
50,Brother International Corp.,https://iss.a2zinc.net/LongBeach2020/Public/eBooth.aspx?IndexInList=48&FromPage=Exhibitors.aspx&ParentBoothID=&ListByBooth=true&BoothID=998229,1137,http://www.brother-usa.com
51,Brown Manufacturing Group,https://iss.a2zinc.net/LongBeach2020/Public/eBooth.aspx?IndexInList=49&FromPage=Exhibitors.aspx&ParentBoothID=&ListByBooth=true&BoothID=998419,"1049, 1148",http://www.brownmfg.net
52,"Buffalo Imaging, Inc",https://iss.a2zinc.net/LongBeach2020/Public/eBooth.aspx?IndexInList=50&FromPage=Exhibitors.aspx&ParentBoothID=&ListByBooth=true&BoothID=1043125,3615,http://www.buffalous.com
53,Burnside/Sierra Pacific Apparel,https://iss.a2zinc.net/LongBeach2020/Public/eBooth.aspx?IndexInList=51&FromPage=Exhibitors.aspx&ParentBoothID=&ListByBooth=true&BoothID=998118,1833,http://www.sierrapacificapparel.com
54,BWM Hopkins,https://iss.a2zinc.net/LongBeach2020/Public/eBooth.aspx?IndexInList=52&FromPage=Exhibitors.aspx&ParentBoothID=&ListByBooth=true&BoothID=997568,2516,http://www.bwmhopkins.com
55,Cali Headwear,https://iss.a2zinc.net/LongBeach2020/Public/eBooth.aspx?IndexInList=53&FromPage=Exhibitors.aspx&ParentBoothID=&ListByBooth=true&BoothID=1066055,2455,https://www.caliheadwear.com/
56,"California Global Signs Information Technology Co., Inc.",https://iss.a2zinc.net/LongBeach2020/Public/eBooth.aspx?IndexInList=54&FromPage=Exhibitors.aspx&ParentBoothID=&ListByBooth=true&BoothID=1060870,3627,https://www.sign-in-global.us/
57,"Cap America, Inc.",https://iss.a2zinc.net/LongBeach2020/Public/eBooth.aspx?IndexInList=55&FromPage=Exhibitors.aspx&ParentBoothID=&ListByBooth=true&BoothID=1043129,3621,http://www.capamerica.com
58,Capital Headwear Inc,https://iss.a2zinc.net/LongBeach2020/Public/eBooth.aspx?IndexInList=56&FromPage=Exhibitors.aspx&ParentBoothID=&ListByBooth=true&BoothID=1045773,2026,No Website
59,Champion Teamwear,https://iss.a2zinc.net/LongBeach2020/Public/eBooth.aspx?IndexInList=57&FromPage=Exhibitors.aspx&ParentBoothID=&ListByBooth=true&BoothID=997661,726,http://www.team.championusa.com
60,Chaos Industries,https://iss.a2zinc.net/LongBeach2020/Public/eBooth.aspx?IndexInList=58&FromPage=Exhibitors.aspx&ParentBoothID=&ListByBooth=true&BoothID=1043124,3613,http://www.getchaos.com
61,Chemical Consultants Inc (CCI),https://iss.a2zinc.net/LongBeach2020/Public/eBooth.aspx?IndexInList=59&FromPage=Exhibitors.aspx&ParentBoothID=&ListByBooth=true&BoothID=997604,2059,http://www.ccidom.com
62,Chromaline Screen Print Products,https://iss.a2zinc.net/LongBeach2020/Public/eBooth.aspx?IndexInList=60&FromPage=Exhibitors.aspx&ParentBoothID=&ListByBooth=true&BoothID=997587,2261,http://www.chromaline.com
63,Chromaluxe/Unisub,https://iss.a2zinc.net/LongBeach2020/Public/eBooth.aspx?IndexInList=61&FromPage=Exhibitors.aspx&ParentBoothID=&ListByBooth=true&BoothID=997778,2339,http://www.unisub.com
64,CHT Germany GmbH,https://iss.a2zinc.net/LongBeach2020/Public/eBooth.aspx?IndexInList=62&FromPage=Exhibitors.aspx&ParentBoothID=&ListByBooth=true&BoothID=997560,2321,http://www.cht.com
65,CIT,https://iss.a2zinc.net/LongBeach2020/Public/eBooth.aspx?IndexInList=63&FromPage=Exhibitors.aspx&ParentBoothID=&ListByBooth=true&BoothID=1045774,2024,https://www.cit.com/business/
66,Clise Emblem Technology,https://iss.a2zinc.net/LongBeach2020/Public/eBooth.aspx?IndexInList=64&FromPage=Exhibitors.aspx&ParentBoothID=&ListByBooth=true&BoothID=997572,155,http://www.clise.com.mx
67,Coastal Business Supplies,https://iss.a2zinc.net/LongBeach2020/Public/eBooth.aspx?IndexInList=65&FromPage=Exhibitors.aspx&ParentBoothID=&ListByBooth=true&BoothID=997612,1959,http://www.coastalbusiness.com
68,Coastal Business Supplies,https://iss.a2zinc.net/LongBeach2020/Public/eBooth.aspx?IndexInList=66&FromPage=Exhibitors.aspx&ParentBoothID=&ListByBooth=true&BoothID=1049641,4029,http://www.coastalbusiness.com
69,color-dec north america,https://iss.a2zinc.net/LongBeach2020/Public/eBooth.aspx?IndexInList=67&FromPage=Exhibitors.aspx&ParentBoothID=&ListByBooth=true&BoothID=1043095,3628,http://www.color-dec.com
70,Colortone,https://iss.a2zinc.net/LongBeach2020/Public/eBooth.aspx?IndexInList=68&FromPage=Exhibitors.aspx&ParentBoothID=&ListByBooth=true&BoothID=1024882,858,http://www.tiedyeusa.com
71,ComfortWash,https://iss.a2zinc.net/LongBeach2020/Public/eBooth.aspx?IndexInList=69&FromPage=Exhibitors.aspx&ParentBoothID=&ListByBooth=true&BoothID=1018408,725,http://www.ComfortWash.com
72,Conde System Inc,https://iss.a2zinc.net/LongBeach2020/Public/eBooth.aspx?IndexInList=70&FromPage=Exhibitors.aspx&ParentBoothID=&ListByBooth=true&BoothID=997905,533,http://www.conde.com
73,Cotton Heritage,https://iss.a2zinc.net/LongBeach2020/Public/eBooth.aspx?IndexInList=71&FromPage=Exhibitors.aspx&ParentBoothID=&ListByBooth=true&BoothID=997805,2239,http://www.cottonheritage.com
74,Cotton Promo,https://iss.a2zinc.net/LongBeach2020/Public/eBooth.aspx?IndexInList=72&FromPage=Exhibitors.aspx&ParentBoothID=&ListByBooth=true&BoothID=1042653,787,www.cottonpromo.com
75,Cotton Theory,https://iss.a2zinc.net/LongBeach2020/Public/eBooth.aspx?IndexInList=73&FromPage=Exhibitors.aspx&ParentBoothID=&ListByBooth=true&BoothID=998590,778,www.cottontheory.com
76,Crown Roll Leaf,https://iss.a2zinc.net/LongBeach2020/Public/eBooth.aspx?IndexInList=74&FromPage=Exhibitors.aspx&ParentBoothID=&ListByBooth=true&BoothID=997701,2212,http://www.crownrollleaf.com
77,Cstar International LLC,https://iss.a2zinc.net/LongBeach2020/Public/eBooth.aspx?IndexInList=75&FromPage=Exhibitors.aspx&ParentBoothID=&ListByBooth=true&BoothID=997675,2518,http://www.cstarintl.com
78,CSTOWN INC.,https://iss.a2zinc.net/LongBeach2020/Public/eBooth.aspx?IndexInList=76&FromPage=Exhibitors.aspx&ParentBoothID=&ListByBooth=true&BoothID=997565,1921,http://www.cstown.com
79,D1 Sports,https://iss.a2zinc.net/LongBeach2020/Public/eBooth.aspx?IndexInList=77&FromPage=Exhibitors.aspx&ParentBoothID=&ListByBooth=true&BoothID=1081010,3526,http://www.d1team.com
80,D3 Industrial Products,https://iss.a2zinc.net/LongBeach2020/Public/eBooth.aspx?IndexInList=78&FromPage=Exhibitors.aspx&ParentBoothID=&ListByBooth=true&BoothID=998414,1059,http://www.d3ipinc.com
81,Dakota Collectibles,https://iss.a2zinc.net/LongBeach2020/Public/eBooth.aspx?IndexInList=79&FromPage=Exhibitors.aspx&ParentBoothID=&ListByBooth=true&BoothID=998497,731,http://www.dakotacollectibles.com
82,Decky Company Inc,https://iss.a2zinc.net/LongBeach2020/Public/eBooth.aspx?IndexInList=80&FromPage=Exhibitors.aspx&ParentBoothID=&ListByBooth=true&BoothID=997783,2333,http://www.decky.com
83,DecoNetwork,https://iss.a2zinc.net/LongBeach2020/Public/eBooth.aspx?IndexInList=81&FromPage=Exhibitors.aspx&ParentBoothID=&ListByBooth=true&BoothID=998651,565,http://www.deconetwork.com
84,Delta Apparel Co,https://iss.a2zinc.net/LongBeach2020/Public/eBooth.aspx?IndexInList=82&FromPage=Exhibitors.aspx&ParentBoothID=&ListByBooth=true&BoothID=998211,1237,http://www.deltaapparel.com
85,Denco Sales Co,https://iss.a2zinc.net/LongBeach2020/Public/eBooth.aspx?IndexInList=83&FromPage=Exhibitors.aspx&ParentBoothID=&ListByBooth=true&BoothID=1024732,2359,http://www.dencosales.com
86,Dickies,https://iss.a2zinc.net/LongBeach2020/Public/eBooth.aspx?IndexInList=84&FromPage=Exhibitors.aspx&ParentBoothID=&ListByBooth=true&BoothID=1045812,152,http://ia4biz.com
87,Digitizing Sharp,https://iss.a2zinc.net/LongBeach2020/Public/eBooth.aspx?IndexInList=85&FromPage=Exhibitors.aspx&ParentBoothID=&ListByBooth=true&BoothID=998635,585,http://www.digitizingsharp.com
88,Direct Color Systems,https://iss.a2zinc.net/LongBeach2020/Public/eBooth.aspx?IndexInList=86&FromPage=Exhibitors.aspx&ParentBoothID=&ListByBooth=true&BoothID=1043155,3938,http://www.directcolorsystems.com
89,Dongjin Enterprise USA Inc.,https://iss.a2zinc.net/LongBeach2020/Public/eBooth.aspx?IndexInList=87&FromPage=Exhibitors.aspx&ParentBoothID=&ListByBooth=true&BoothID=998597,771,http://www.dongjinfilm.com
90,Douthitt Corporation,https://iss.a2zinc.net/LongBeach2020/Public/eBooth.aspx?IndexInList=88&FromPage=Exhibitors.aspx&ParentBoothID=&ListByBooth=true&BoothID=997555,1927,http://www.douthittcorp.com
91,"Dream Junction, The",https://iss.a2zinc.net/LongBeach2020/Public/eBooth.aspx?IndexInList=89&FromPage=Exhibitors.aspx&ParentBoothID=&ListByBooth=true&BoothID=998672,365,http://www.thedreamjunction.com
92,DuPont Advanced Printing,https://iss.a2zinc.net/LongBeach2020/Public/eBooth.aspx?IndexInList=90&FromPage=Exhibitors.aspx&ParentBoothID=&ListByBooth=true&BoothID=1043166,3927,http://artistri.dupont.com
93,Dyenomite Apparel,https://iss.a2zinc.net/LongBeach2020/Public/eBooth.aspx?IndexInList=91&FromPage=Exhibitors.aspx&ParentBoothID=&ListByBooth=true&BoothID=998409,1152,http://www.dyenomite.com
94,Easiway Systems,https://iss.a2zinc.net/LongBeach2020/Public/eBooth.aspx?IndexInList=92&FromPage=Exhibitors.aspx&ParentBoothID=&ListByBooth=true&BoothID=997726,2005,http://www.easiway.com
95,Eastsign International Limited,https://iss.a2zinc.net/LongBeach2020/Public/eBooth.aspx?IndexInList=93&FromPage=Exhibitors.aspx&ParentBoothID=&ListByBooth=true&BoothID=997553,2210,http://www.eastsign.com
96,Econotransfer Company Inc.,https://iss.a2zinc.net/LongBeach2020/Public/eBooth.aspx?IndexInList=94&FromPage=Exhibitors.aspx&ParentBoothID=&ListByBooth=true&BoothID=1043141,3818,http://www.econotransfer.com
97,econscious,https://iss.a2zinc.net/LongBeach2020/Public/eBooth.aspx?IndexInList=95&FromPage=Exhibitors.aspx&ParentBoothID=&ListByBooth=true&BoothID=1024920,1461,http://www.econscious.net
98,EG-PRO,https://iss.a2zinc.net/LongBeach2020/Public/eBooth.aspx?IndexInList=96&FromPage=Exhibitors.aspx&ParentBoothID=&ListByBooth=true&BoothID=997670,2522,http://www.egpro.com
99,Electronic Sign Supply,https://iss.a2zinc.net/LongBeach2020/Public/eBooth.aspx?IndexInList=97&FromPage=Exhibitors.aspx&ParentBoothID=&ListByBooth=true&BoothID=1043094,3626,www.electrosigmsupply.com
100,Elize USA Inc,https://iss.a2zinc.net/LongBeach2020/Public/eBooth.aspx?IndexInList=98&FromPage=Exhibitors.aspx&ParentBoothID=&ListByBooth=true&BoothID=1024866,2031,https://shop.elizeusa.com
101,Epilog Laser Corporation,https://iss.a2zinc.net/LongBeach2020/Public/eBooth.aspx?IndexInList=99&FromPage=Exhibitors.aspx&ParentBoothID=&ListByBooth=true&BoothID=1024806,840,http://www.epiloglaser.com
102,Epson America Inc,https://iss.a2zinc.net/LongBeach2020/Public/eBooth.aspx?IndexInList=100&FromPage=Exhibitors.aspx&ParentBoothID=&ListByBooth=true&BoothID=997863,2049,http://www.epson.com
103,"Equipment Zone, Inc.",https://iss.a2zinc.net/LongBeach2020/Public/eBooth.aspx?IndexInList=101&FromPage=Exhibitors.aspx&ParentBoothID=&ListByBooth=true&BoothID=997833,2149,http://www.equipmentzone.com
104,Exile Technologies,https://iss.a2zinc.net/LongBeach2020/Public/eBooth.aspx?IndexInList=102&FromPage=Exhibitors.aspx&ParentBoothID=&ListByBooth=true&BoothID=998368,1355,http://www.exiletech.com
105,Expert Brand,https://iss.a2zinc.net/LongBeach2020/Public/eBooth.aspx?IndexInList=103&FromPage=Exhibitors.aspx&ParentBoothID=&ListByBooth=true&BoothID=1024682,2125,http://www.expertbrand.com
106,FDM4 America Inc,https://iss.a2zinc.net/LongBeach2020/Public/eBooth.aspx?IndexInList=104&FromPage=Exhibitors.aspx&ParentBoothID=&ListByBooth=true&BoothID=998588,688,http://www.fdm4.com
107,Film Direct,https://iss.a2zinc.net/LongBeach2020/Public/eBooth.aspx?IndexInList=105&FromPage=Exhibitors.aspx&ParentBoothID=&ListByBooth=true&BoothID=1043145,3804,http://www.filmdirectonline.com
108,Fimor North America,https://iss.a2zinc.net/LongBeach2020/Public/eBooth.aspx?IndexInList=106&FromPage=Exhibitors.aspx&ParentBoothID=&ListByBooth=true&BoothID=997965,1917,http://www.fimor-serigraphy.com
109,FIREBIRD Digital Inks,https://iss.a2zinc.net/LongBeach2020/Public/eBooth.aspx?IndexInList=107&FromPage=Exhibitors.aspx&ParentBoothID=&ListByBooth=true&BoothID=1075079,2459,http://www.firebirdink.com
110,Flexdev,https://iss.a2zinc.net/LongBeach2020/Public/eBooth.aspx?IndexInList=108&FromPage=Exhibitors.aspx&ParentBoothID=&ListByBooth=true&BoothID=1043167,3928,https://www.flexdev-gpe.com/
111,Flexfit,https://iss.a2zinc.net/LongBeach2020/Public/eBooth.aspx?IndexInList=109&FromPage=Exhibitors.aspx&ParentBoothID=&ListByBooth=true&BoothID=997689,1939,http://flexfit.com
112,FM Expressions,https://iss.a2zinc.net/LongBeach2020/Public/eBooth.aspx?IndexInList=110&FromPage=Exhibitors.aspx&ParentBoothID=&ListByBooth=true&BoothID=997987,1817,http://www.fmexpressions.com
113,Forever GmbH,https://iss.a2zinc.net/LongBeach2020/Public/eBooth.aspx?IndexInList=111&FromPage=Exhibitors.aspx&ParentBoothID=&ListByBooth=true&BoothID=997626,1763,http://www.forever-ots.com
114,Founder Sport Group,https://iss.a2zinc.net/LongBeach2020/Public/eBooth.aspx?IndexInList=112&FromPage=Exhibitors.aspx&ParentBoothID=&ListByBooth=true&BoothID=1024634,1731,http://www.badgersportswear.com
115,Franmar,https://iss.a2zinc.net/LongBeach2020/Public/eBooth.aspx?IndexInList=113&FromPage=Exhibitors.aspx&ParentBoothID=&ListByBooth=true&BoothID=997671,2520,http://www.franmar.com
116,Fruit of the Loom,https://iss.a2zinc.net/LongBeach2020/Public/eBooth.aspx?IndexInList=114&FromPage=Exhibitors.aspx&ParentBoothID=&ListByBooth=true&BoothID=997973,1901,http://www.fruitactivewear.com
117,Game Sportswear & Workwear,https://iss.a2zinc.net/LongBeach2020/Public/eBooth.aspx?IndexInList=115&FromPage=Exhibitors.aspx&ParentBoothID=&ListByBooth=true&BoothID=1068899,3940,http://www.gamesportswear.com
118,Garmentprinter.com / Stitch City Industries,https://iss.a2zinc.net/LongBeach2020/Public/eBooth.aspx?IndexInList=116&FromPage=Exhibitors.aspx&ParentBoothID=&ListByBooth=true&BoothID=1045733,3704,http://www.garmentprinter.com
119,Geneva Capital LLC,https://iss.a2zinc.net/LongBeach2020/Public/eBooth.aspx?IndexInList=117&FromPage=Exhibitors.aspx&ParentBoothID=&ListByBooth=true&BoothID=997998,1816,http://www.gogc.com
120,Geo Knight & Co,https://iss.a2zinc.net/LongBeach2020/Public/eBooth.aspx?IndexInList=118&FromPage=Exhibitors.aspx&ParentBoothID=&ListByBooth=true&BoothID=997718,2019,http://www.heatpress.com
121,Gildan Activewear SRL,https://iss.a2zinc.net/LongBeach2020/Public/eBooth.aspx?IndexInList=119&FromPage=Exhibitors.aspx&ParentBoothID=&ListByBooth=true&BoothID=997939,1319,http://www.mygildan.com
122,Gildan Activewear SRL,https://iss.a2zinc.net/LongBeach2020/Public/eBooth.aspx?IndexInList=120&FromPage=Exhibitors.aspx&ParentBoothID=&ListByBooth=true&BoothID=1016899,1310,http://www.mygildan.com
123,GLS,https://iss.a2zinc.net/LongBeach2020/Public/eBooth.aspx?IndexInList=121&FromPage=Exhibitors.aspx&ParentBoothID=&ListByBooth=true&BoothID=997996,1820,http://www.gls-us.com
124,Golden Apparel,https://iss.a2zinc.net/LongBeach2020/Public/eBooth.aspx?IndexInList=122&FromPage=Exhibitors.aspx&ParentBoothID=&ListByBooth=true&BoothID=1081006,3507,No Website
125,Golden State Activewear,https://iss.a2zinc.net/LongBeach2020/Public/eBooth.aspx?IndexInList=123&FromPage=Exhibitors.aspx&ParentBoothID=&ListByBooth=true&BoothID=997619,1861,http://www.gsactivewear.com
126,Graphic Parts International Inc (GPI),https://iss.a2zinc.net/LongBeach2020/Public/eBooth.aspx?IndexInList=124&FromPage=Exhibitors.aspx&ParentBoothID=&ListByBooth=true&BoothID=1024892,859,http://www.gpiparts.com
127,Graphic Screen Fashion,https://iss.a2zinc.net/LongBeach2020/Public/eBooth.aspx?IndexInList=125&FromPage=Exhibitors.aspx&ParentBoothID=&ListByBooth=true&BoothID=1043123,3611,http://www.graphicscreenfashion.com
128,Graphics One,https://iss.a2zinc.net/LongBeach2020/Public/eBooth.aspx?IndexInList=126&FromPage=Exhibitors.aspx&ParentBoothID=&ListByBooth=true&BoothID=998655,536,http://www.graphicsone.com
129,Graphics Zoo,https://iss.a2zinc.net/LongBeach2020/Public/eBooth.aspx?IndexInList=127&FromPage=Exhibitors.aspx&ParentBoothID=&ListByBooth=true&BoothID=1074534,2457,graphicszoo.com
130,GraphXsource,https://iss.a2zinc.net/LongBeach2020/Public/eBooth.aspx?IndexInList=128&FromPage=Exhibitors.aspx&ParentBoothID=&ListByBooth=true&BoothID=1070965,1963,http://www.graphxsource.com
131,Grimco,https://iss.a2zinc.net/LongBeach2020/Public/eBooth.aspx?IndexInList=129&FromPage=Exhibitors.aspx&ParentBoothID=&ListByBooth=true&BoothID=998668,457,http://www.grimco.com
132,GSG,https://iss.a2zinc.net/LongBeach2020/Public/eBooth.aspx?IndexInList=130&FromPage=Exhibitors.aspx&ParentBoothID=&ListByBooth=true&BoothID=998092,1724,http://www.gogsg.com
133,"Guangzhou Bihong Printing Equipment Co., Ltd.",https://iss.a2zinc.net/LongBeach2020/Public/eBooth.aspx?IndexInList=131&FromPage=Exhibitors.aspx&ParentBoothID=&ListByBooth=true&BoothID=998626,671,http://www.bhprinter.com
134,Gunold USA,https://iss.a2zinc.net/LongBeach2020/Public/eBooth.aspx?IndexInList=132&FromPage=Exhibitors.aspx&ParentBoothID=&ListByBooth=true&BoothID=998270,939,http://www.gunold.com
135,Hanes/Champion,https://iss.a2zinc.net/LongBeach2020/Public/eBooth.aspx?IndexInList=133&FromPage=Exhibitors.aspx&ParentBoothID=&ListByBooth=true&BoothID=998480,825,http://www.haneslocator.com
136,Highland Embroidery Machines,https://iss.a2zinc.net/LongBeach2020/Public/eBooth.aspx?IndexInList=134&FromPage=Exhibitors.aspx&ParentBoothID=&ListByBooth=true&BoothID=1024809,1760,http://www.drdtg.com
137,Hirsch Solutions Inc,https://iss.a2zinc.net/LongBeach2020/Public/eBooth.aspx?IndexInList=135&FromPage=Exhibitors.aspx&ParentBoothID=&ListByBooth=true&BoothID=998099,1637,http://www.hsi.us
138,Hix Corporation,https://iss.a2zinc.net/LongBeach2020/Public/eBooth.aspx?IndexInList=136&FromPage=Exhibitors.aspx&ParentBoothID=&ListByBooth=true&BoothID=997830,2155,http://www.hixgraphics.com
139,HoopMaster by Midwest Products Inc,https://iss.a2zinc.net/LongBeach2020/Public/eBooth.aspx?IndexInList=137&FromPage=Exhibitors.aspx&ParentBoothID=&ListByBooth=true&BoothID=998101,1629,http://www.hoopmaster.com
140,Howard Imprinting Machine Co,https://iss.a2zinc.net/LongBeach2020/Public/eBooth.aspx?IndexInList=138&FromPage=Exhibitors.aspx&ParentBoothID=&ListByBooth=true&BoothID=997581,2364,http://www.howardimprinting.com
141,HP,https://iss.a2zinc.net/LongBeach2020/Public/eBooth.aspx?IndexInList=139&FromPage=Exhibitors.aspx&ParentBoothID=&ListByBooth=true&BoothID=1043114,3728,http://hp.com
142,HPI Emblem,https://iss.a2zinc.net/LongBeach2020/Public/eBooth.aspx?IndexInList=140&FromPage=Exhibitors.aspx&ParentBoothID=&ListByBooth=true&BoothID=997609,1965,http://www.hpiemblem.com
143,HTX Vinyls,https://iss.a2zinc.net/LongBeach2020/Public/eBooth.aspx?IndexInList=141&FromPage=Exhibitors.aspx&ParentBoothID=&ListByBooth=true&BoothID=1043139,3814,http://www.HTXvinyls.com
144,Image Technology,https://iss.a2zinc.net/LongBeach2020/Public/eBooth.aspx?IndexInList=142&FromPage=Exhibitors.aspx&ParentBoothID=&ListByBooth=true&BoothID=997810,2233,http://www.imagetechnology.com
145,"Impress, An Open Systems Adaptable Solution",https://iss.a2zinc.net/LongBeach2020/Public/eBooth.aspx?IndexInList=143&FromPage=Exhibitors.aspx&ParentBoothID=&ListByBooth=true&BoothID=1045795,3707,https://www.impresserp.com
146,IMS Industrial Machine Sales,https://iss.a2zinc.net/LongBeach2020/Public/eBooth.aspx?IndexInList=144&FromPage=Exhibitors.aspx&ParentBoothID=&ListByBooth=true&BoothID=998695,150,http://www.ims-textiles.com
147,Independent Trading Co,https://iss.a2zinc.net/LongBeach2020/Public/eBooth.aspx?IndexInList=145&FromPage=Exhibitors.aspx&ParentBoothID=&ListByBooth=true&BoothID=998552,649,http://www.independenttradingco.com
148,Infant Blanks.com,https://iss.a2zinc.net/LongBeach2020/Public/eBooth.aspx?IndexInList=146&FromPage=Exhibitors.aspx&ParentBoothID=&ListByBooth=true&BoothID=998691,2524,http://www.infantblanks.com
149,Ink Kitchen,https://iss.a2zinc.net/LongBeach2020/Public/eBooth.aspx?IndexInList=147&FromPage=Exhibitors.aspx&ParentBoothID=&ListByBooth=true&BoothID=1084767,3510,http://www.inkkitchen.com
150,Inkcups,https://iss.a2zinc.net/LongBeach2020/Public/eBooth.aspx?IndexInList=148&FromPage=Exhibitors.aspx&ParentBoothID=&ListByBooth=true&BoothID=998618,679,http://tagless.inkcups.com
151,Inksoft/Digital Art Solutions,https://iss.a2zinc.net/LongBeach2020/Public/eBooth.aspx?IndexInList=149&FromPage=Exhibitors.aspx&ParentBoothID=&ListByBooth=true&BoothID=998258,1036,http://www.inksoft.com
152,Inline Technologies,https://iss.a2zinc.net/LongBeach2020/Public/eBooth.aspx?IndexInList=150&FromPage=Exhibitors.aspx&ParentBoothID=&ListByBooth=true&BoothID=1024893,857,http://www.inlinetechnologies.com
153,InnoPrinter (UK) Ltd.,https://iss.a2zinc.net/LongBeach2020/Public/eBooth.aspx?IndexInList=151&FromPage=Exhibitors.aspx&ParentBoothID=&ListByBooth=true&BoothID=997676,2517,http://textiletransfers.co.uk
154,INPRO bv,https://iss.a2zinc.net/LongBeach2020/Public/eBooth.aspx?IndexInList=152&FromPage=Exhibitors.aspx&ParentBoothID=&ListByBooth=true&BoothID=1065300,3710,http://www.inproholland.nl
155,Insta Graphic Systems,https://iss.a2zinc.net/LongBeach2020/Public/eBooth.aspx?IndexInList=153&FromPage=Exhibitors.aspx&ParentBoothID=&ListByBooth=true&BoothID=998252,1035,http://www.instagraph.com
156,International Coatings,https://iss.a2zinc.net/LongBeach2020/Public/eBooth.aspx?IndexInList=154&FromPage=Exhibitors.aspx&ParentBoothID=&ListByBooth=true&BoothID=998435,949,http://www.iccink.com
157,IT Supplies,https://iss.a2zinc.net/LongBeach2020/Public/eBooth.aspx?IndexInList=155&FromPage=Exhibitors.aspx&ParentBoothID=&ListByBooth=true&BoothID=1024965,"2358, 3730",http://www.itsupplies.com
158,J. America,https://iss.a2zinc.net/LongBeach2020/Public/eBooth.aspx?IndexInList=156&FromPage=Exhibitors.aspx&ParentBoothID=&ListByBooth=true&BoothID=1024865,2025,http://www.jamericablanks.com
159,"JDS Industries, Inc",https://iss.a2zinc.net/LongBeach2020/Public/eBooth.aspx?IndexInList=157&FromPage=Exhibitors.aspx&ParentBoothID=&ListByBooth=true&BoothID=1024909,2124,http://www.jdsindustries.com
160,JERZEES,https://iss.a2zinc.net/LongBeach2020/Public/eBooth.aspx?IndexInList=158&FromPage=Exhibitors.aspx&ParentBoothID=&ListByBooth=true&BoothID=997982,1801,http://www.jerzees.com
161,JHK USA,https://iss.a2zinc.net/LongBeach2020/Public/eBooth.aspx?IndexInList=159&FromPage=Exhibitors.aspx&ParentBoothID=&ListByBooth=true&BoothID=998521,448,http://www.jhkshirt.com
162,Jiangsu GIS Laser Technologies Inc,https://iss.a2zinc.net/LongBeach2020/Public/eBooth.aspx?IndexInList=160&FromPage=Exhibitors.aspx&ParentBoothID=&ListByBooth=true&BoothID=998658,471,www.gis-group.com.cn
163,Johnson Plastics Plus,https://iss.a2zinc.net/LongBeach2020/Public/eBooth.aspx?IndexInList=161&FromPage=Exhibitors.aspx&ParentBoothID=&ListByBooth=true&BoothID=1043118,3637,http://www.johnsonplastics.com
164,Jotoimagingsupplies.com,https://iss.a2zinc.net/LongBeach2020/Public/eBooth.aspx?IndexInList=162&FromPage=Exhibitors.aspx&ParentBoothID=&ListByBooth=true&BoothID=997813,2227,http://www.jotoimagingsupplies.com
165,Kavio!,https://iss.a2zinc.net/LongBeach2020/Public/eBooth.aspx?IndexInList=163&FromPage=Exhibitors.aspx&ParentBoothID=&ListByBooth=true&BoothID=997688,2028,http://www.kavio.com
166,KIP America,https://iss.a2zinc.net/LongBeach2020/Public/eBooth.aspx?IndexInList=164&FromPage=Exhibitors.aspx&ParentBoothID=&ListByBooth=true&BoothID=1043151,3739,http://kip.com
167,KIWO Inc/Ulano Corp,https://iss.a2zinc.net/LongBeach2020/Public/eBooth.aspx?IndexInList=165&FromPage=Exhibitors.aspx&ParentBoothID=&ListByBooth=true&BoothID=1024885,751,http://www.kiwo.com
168,Kornit Digital,https://iss.a2zinc.net/LongBeach2020/Public/eBooth.aspx?IndexInList=166&FromPage=Exhibitors.aspx&ParentBoothID=&ListByBooth=true&BoothID=1024671,2035,http://www.kornit.com
169,Lancer Group International,https://iss.a2zinc.net/LongBeach2020/Public/eBooth.aspx?IndexInList=167&FromPage=Exhibitors.aspx&ParentBoothID=&ListByBooth=true&BoothID=998583,765,http://www.lancergroup.com
170,Lane Seven Apparel,https://iss.a2zinc.net/LongBeach2020/Public/eBooth.aspx?IndexInList=168&FromPage=Exhibitors.aspx&ParentBoothID=&ListByBooth=true&BoothID=997586,2263,http://www.lanesevenapparel.com
171,Lane Seven Apparel,https://iss.a2zinc.net/LongBeach2020/Public/eBooth.aspx?IndexInList=169&FromPage=Exhibitors.aspx&ParentBoothID=&ListByBooth=true&BoothID=997595,2161,http://www.lanesevenapparel.com
172,LAT Apparel,https://iss.a2zinc.net/LongBeach2020/Public/eBooth.aspx?IndexInList=170&FromPage=Exhibitors.aspx&ParentBoothID=&ListByBooth=true&BoothID=998225,1131,http://www.latapparel.com
173,Lawson Screen & Digital  Products Inc,https://iss.a2zinc.net/LongBeach2020/Public/eBooth.aspx?IndexInList=171&FromPage=Exhibitors.aspx&ParentBoothID=&ListByBooth=true&BoothID=998472,841,http://www.golawson.com
174,Lets Support LLC,https://iss.a2zinc.net/LongBeach2020/Public/eBooth.aspx?IndexInList=172&FromPage=Exhibitors.aspx&ParentBoothID=&ListByBooth=true&BoothID=997549,343,http://www.letssupport.com
175,Liberty Bags,https://iss.a2zinc.net/LongBeach2020/Public/eBooth.aspx?IndexInList=173&FromPage=Exhibitors.aspx&ParentBoothID=&ListByBooth=true&BoothID=998271,935,https://libertybags.net
176,LogoJET,https://iss.a2zinc.net/LongBeach2020/Public/eBooth.aspx?IndexInList=174&FromPage=Exhibitors.aspx&ParentBoothID=&ListByBooth=true&BoothID=1068900,3843,http://www.logojet.com
177,Los Angeles Apparel,https://iss.a2zinc.net/LongBeach2020/Public/eBooth.aspx?IndexInList=175&FromPage=Exhibitors.aspx&ParentBoothID=&ListByBooth=true&BoothID=998664,465,No Website
178,M&R Companies,https://iss.a2zinc.net/LongBeach2020/Public/eBooth.aspx?IndexInList=176&FromPage=Exhibitors.aspx&ParentBoothID=&ListByBooth=true&BoothID=997564,1617,http://www.mrprint.com
179,M&R Companies,https://iss.a2zinc.net/LongBeach2020/Public/eBooth.aspx?IndexInList=177&FromPage=Exhibitors.aspx&ParentBoothID=&ListByBooth=true&BoothID=998059,1501,http://www.mrprint.com
180,Madeira USA Ltd,https://iss.a2zinc.net/LongBeach2020/Public/eBooth.aspx?IndexInList=178&FromPage=Exhibitors.aspx&ParentBoothID=&ListByBooth=true&BoothID=997659,101,http://www.madeirausa.com
181,Magna Colours Limited,https://iss.a2zinc.net/LongBeach2020/Public/eBooth.aspx?IndexInList=179&FromPage=Exhibitors.aspx&ParentBoothID=&ListByBooth=true&BoothID=1048081,2009,http://www.magnacolours.com
182,MARCO AWARDS,https://iss.a2zinc.net/LongBeach2020/Public/eBooth.aspx?IndexInList=180&FromPage=Exhibitors.aspx&ParentBoothID=&ListByBooth=true&BoothID=1043132,3633,http://www.marcoawardsgroup.com
183,Matsui International,https://iss.a2zinc.net/LongBeach2020/Public/eBooth.aspx?IndexInList=181&FromPage=Exhibitors.aspx&ParentBoothID=&ListByBooth=true&BoothID=1024874,549,http://www.matsui-color.com
184,"Mega Cap, Inc.",https://iss.a2zinc.net/LongBeach2020/Public/eBooth.aspx?IndexInList=182&FromPage=Exhibitors.aspx&ParentBoothID=&ListByBooth=true&BoothID=1024810,1758,http://www.megacapinc.com
185,Melco,https://iss.a2zinc.net/LongBeach2020/Public/eBooth.aspx?IndexInList=183&FromPage=Exhibitors.aspx&ParentBoothID=&ListByBooth=true&BoothID=998076,1411,http://www.melco.com
186,MHY Trading Inc.,https://iss.a2zinc.net/LongBeach2020/Public/eBooth.aspx?IndexInList=184&FromPage=Exhibitors.aspx&ParentBoothID=&ListByBooth=true&BoothID=997638,683,http://mhyus.com
187,Midsouth Digitizing,https://iss.a2zinc.net/LongBeach2020/Public/eBooth.aspx?IndexInList=185&FromPage=Exhibitors.aspx&ParentBoothID=&ListByBooth=true&BoothID=997665,2527,http://www.midsouthdigitizing.com
188,Mission Imprintables,https://iss.a2zinc.net/LongBeach2020/Public/eBooth.aspx?IndexInList=186&FromPage=Exhibitors.aspx&ParentBoothID=&ListByBooth=true&BoothID=997618,1863,http://www.missionimprintables.com
189,"Mitsubishi Imaging (MPM), Inc",https://iss.a2zinc.net/LongBeach2020/Public/eBooth.aspx?IndexInList=187&FromPage=Exhibitors.aspx&ParentBoothID=&ListByBooth=true&BoothID=1081005,3505,http://www.mitsubishiimaging.com
190,MJ Apparels,https://iss.a2zinc.net/LongBeach2020/Public/eBooth.aspx?IndexInList=188&FromPage=Exhibitors.aspx&ParentBoothID=&ListByBooth=true&BoothID=1069447,3810,www.mjapparels.com
191,Monag Apparel,https://iss.a2zinc.net/LongBeach2020/Public/eBooth.aspx?IndexInList=189&FromPage=Exhibitors.aspx&ParentBoothID=&ListByBooth=true&BoothID=1024898,848,http://www.monag.com
192,Monarch Color Corporation,https://iss.a2zinc.net/LongBeach2020/Public/eBooth.aspx?IndexInList=190&FromPage=Exhibitors.aspx&ParentBoothID=&ListByBooth=true&BoothID=1051233,154,http://www.monarchcolor.com
193,Murakami Screen USA,https://iss.a2zinc.net/LongBeach2020/Public/eBooth.aspx?IndexInList=191&FromPage=Exhibitors.aspx&ParentBoothID=&ListByBooth=true&BoothID=997606,2062,http://www.murakamiscreen.com
194,Mutoh America,https://iss.a2zinc.net/LongBeach2020/Public/eBooth.aspx?IndexInList=192&FromPage=Exhibitors.aspx&ParentBoothID=&ListByBooth=true&BoothID=1043153,3839,www.mutoh.com
195,National Banner Company,https://iss.a2zinc.net/LongBeach2020/Public/eBooth.aspx?IndexInList=193&FromPage=Exhibitors.aspx&ParentBoothID=&ListByBooth=true&BoothID=998486,832,http://www.nationalbanner.com
196,Nazdar SourceOne,https://iss.a2zinc.net/LongBeach2020/Public/eBooth.aspx?IndexInList=194&FromPage=Exhibitors.aspx&ParentBoothID=&ListByBooth=true&BoothID=997722,2009,https://sourceone.nazdar.com/
197,Nazdar SourceOne,https://iss.a2zinc.net/LongBeach2020/Public/eBooth.aspx?IndexInList=195&FromPage=Exhibitors.aspx&ParentBoothID=&ListByBooth=true&BoothID=997991,1809,https://sourceone.nazdar.com/
198,NEDCO Inc,https://iss.a2zinc.net/LongBeach2020/Public/eBooth.aspx?IndexInList=196&FromPage=Exhibitors.aspx&ParentBoothID=&ListByBooth=true&BoothID=997559,2325,http://www.nedcofold.com
199,Newman Roller Frames,https://iss.a2zinc.net/LongBeach2020/Public/eBooth.aspx?IndexInList=197&FromPage=Exhibitors.aspx&ParentBoothID=&ListByBooth=true&BoothID=998009,1717,http://www.stretchdevices.com
200,Next Level Apparel,https://iss.a2zinc.net/LongBeach2020/Public/eBooth.aspx?IndexInList=198&FromPage=Exhibitors.aspx&ParentBoothID=&ListByBooth=true&BoothID=998299,1849,http://www.nextlevelapparel.com
201,Niida Bussan Co.,https://iss.a2zinc.net/LongBeach2020/Public/eBooth.aspx?IndexInList=199&FromPage=Exhibitors.aspx&ParentBoothID=&ListByBooth=true&BoothID=1043147,3808,http://niida.info/
202,Nissin Cap,https://iss.a2zinc.net/LongBeach2020/Public/eBooth.aspx?IndexInList=200&FromPage=Exhibitors.aspx&ParentBoothID=&ListByBooth=true&BoothID=997956,2016,http://www.nissincap.com
203,Nissun Cap Inc,https://iss.a2zinc.net/LongBeach2020/Public/eBooth.aspx?IndexInList=201&FromPage=Exhibitors.aspx&ParentBoothID=&ListByBooth=true&BoothID=998696,144,http://www.nissuncap.com
204,Oki Data Americas,https://iss.a2zinc.net/LongBeach2020/Public/eBooth.aspx?IndexInList=202&FromPage=Exhibitors.aspx&ParentBoothID=&ListByBooth=true&BoothID=998381,1261,http://www.oki.com/us
205,OmniPrint International Inc,https://iss.a2zinc.net/LongBeach2020/Public/eBooth.aspx?IndexInList=203&FromPage=Exhibitors.aspx&ParentBoothID=&ListByBooth=true&BoothID=998690,251,http://www.omniprintonline.com
206,Optima Cotton Wear Inc.,https://iss.a2zinc.net/LongBeach2020/Public/eBooth.aspx?IndexInList=204&FromPage=Exhibitors.aspx&ParentBoothID=&ListByBooth=true&BoothID=997556,2316,http://www.optimacotton.com
207,OrderMyGear Inc.,https://iss.a2zinc.net/LongBeach2020/Public/eBooth.aspx?IndexInList=205&FromPage=Exhibitors.aspx&ParentBoothID=&ListByBooth=true&BoothID=997639,583,https://www.ordermygear.com/
208,"OTTO International, Inc.",https://iss.a2zinc.net/LongBeach2020/Public/eBooth.aspx?IndexInList=206&FromPage=Exhibitors.aspx&ParentBoothID=&ListByBooth=true&BoothID=997662,105,http://www.ottocap.com
209,Outdoor Cap Co,https://iss.a2zinc.net/LongBeach2020/Public/eBooth.aspx?IndexInList=207&FromPage=Exhibitors.aspx&ParentBoothID=&ListByBooth=true&BoothID=1022751,1425,http://promo.outdoorcap.com
210,Ozanadolu Kimya San ve Tic AS,https://iss.a2zinc.net/LongBeach2020/Public/eBooth.aspx?IndexInList=208&FromPage=Exhibitors.aspx&ParentBoothID=&ListByBooth=true&BoothID=997677,2215,http://www.inkuin.com
211,Pacific Headwear Inc,https://iss.a2zinc.net/LongBeach2020/Public/eBooth.aspx?IndexInList=209&FromPage=Exhibitors.aspx&ParentBoothID=&ListByBooth=true&BoothID=1016926,915,http://www.pacificheadwear.com
212,Pacific Sports/Peace Textiles,https://iss.a2zinc.net/LongBeach2020/Public/eBooth.aspx?IndexInList=210&FromPage=Exhibitors.aspx&ParentBoothID=&ListByBooth=true&BoothID=997628,1759,http://www.epacificsports.com
213,PAS Store,https://iss.a2zinc.net/LongBeach2020/Public/eBooth.aspx?IndexInList=211&FromPage=Exhibitors.aspx&ParentBoothID=&ListByBooth=true&BoothID=998238,1142,http://www.brother-usa.com
214,"Pima Apparel, Inc.",https://iss.a2zinc.net/LongBeach2020/Public/eBooth.aspx?IndexInList=212&FromPage=Exhibitors.aspx&ParentBoothID=&ListByBooth=true&BoothID=998547,659,http://www.pimaapparel.com
215,Playerytees,https://iss.a2zinc.net/LongBeach2020/Public/eBooth.aspx?IndexInList=213&FromPage=Exhibitors.aspx&ParentBoothID=&ListByBooth=true&BoothID=997664,2529,http://www.playersytees.com
216,PMI Split Tape,https://iss.a2zinc.net/LongBeach2020/Public/eBooth.aspx?IndexInList=214&FromPage=Exhibitors.aspx&ParentBoothID=&ListByBooth=true&BoothID=998007,1721,http://www.pmitape.com
217,POLI-TAPE USA,https://iss.a2zinc.net/LongBeach2020/Public/eBooth.aspx?IndexInList=215&FromPage=Exhibitors.aspx&ParentBoothID=&ListByBooth=true&BoothID=998589,777,http://www.politape.us
218,PolyOne Corporation,https://iss.a2zinc.net/LongBeach2020/Public/eBooth.aspx?IndexInList=216&FromPage=Exhibitors.aspx&ParentBoothID=&ListByBooth=true&BoothID=998073,1417,http://polyone.com/products/screen-printing-inks
219,PPAI,https://iss.a2zinc.net/LongBeach2020/Public/eBooth.aspx?IndexInList=217&FromPage=Exhibitors.aspx&ParentBoothID=&ListByBooth=true&BoothID=1042786,586,http://www.ppai.org
220,Prepared Blanks,https://iss.a2zinc.net/LongBeach2020/Public/eBooth.aspx?IndexInList=218&FromPage=Exhibitors.aspx&ParentBoothID=&ListByBooth=true&BoothID=1043116,3732,http://www.preparedblanks.com
221,Printavo,https://iss.a2zinc.net/LongBeach2020/Public/eBooth.aspx?IndexInList=219&FromPage=Exhibitors.aspx&ParentBoothID=&ListByBooth=true&BoothID=1069590,3001,http://www.printavo.com
222,Printec Inc,https://iss.a2zinc.net/LongBeach2020/Public/eBooth.aspx?IndexInList=220&FromPage=Exhibitors.aspx&ParentBoothID=&ListByBooth=true&BoothID=1067588,3610,No Website
223,Printers Supply Warehouse,https://iss.a2zinc.net/LongBeach2020/Public/eBooth.aspx?IndexInList=221&FromPage=Exhibitors.aspx&ParentBoothID=&ListByBooth=true&BoothID=1043084,3604,printersupplywarehouse.com
224,Printgear,https://iss.a2zinc.net/LongBeach2020/Public/eBooth.aspx?IndexInList=222&FromPage=Exhibitors.aspx&ParentBoothID=&ListByBooth=true&BoothID=1065993,2063,http://www.printgear.com
225,Pro Club - Propac Corp.,https://iss.a2zinc.net/LongBeach2020/Public/eBooth.aspx?IndexInList=223&FromPage=Exhibitors.aspx&ParentBoothID=&ListByBooth=true&BoothID=998573,965,http://www.proclubinc.com
226,Pro Feet,https://iss.a2zinc.net/LongBeach2020/Public/eBooth.aspx?IndexInList=224&FromPage=Exhibitors.aspx&ParentBoothID=&ListByBooth=true&BoothID=997651,132,https://www.wilsonbrownsocks.com/
227,Professional Marketing Services Inc.,https://iss.a2zinc.net/LongBeach2020/Public/eBooth.aspx?IndexInList=225&FromPage=Exhibitors.aspx&ParentBoothID=&ListByBooth=true&BoothID=1081007,3527,http://www.proimagingsupplies.com
228,Project Social T,https://iss.a2zinc.net/LongBeach2020/Public/eBooth.aspx?IndexInList=226&FromPage=Exhibitors.aspx&ParentBoothID=&ListByBooth=true&BoothID=1043127,3619,http://www.projectsocialt.com
229,Qdigitizing,https://iss.a2zinc.net/LongBeach2020/Public/eBooth.aspx?IndexInList=227&FromPage=Exhibitors.aspx&ParentBoothID=&ListByBooth=true&BoothID=997569,2503,http://www.qdigitizing.com
230,Quality Punch,https://iss.a2zinc.net/LongBeach2020/Public/eBooth.aspx?IndexInList=228&FromPage=Exhibitors.aspx&ParentBoothID=&ListByBooth=true&BoothID=998262,1034,http://www.qualitypunch.com
231,Quikflip Apparel,https://iss.a2zinc.net/LongBeach2020/Public/eBooth.aspx?IndexInList=229&FromPage=Exhibitors.aspx&ParentBoothID=&ListByBooth=true&BoothID=997634,250,http://www.QuikflipApparel.com
232,RAMCO-Lifestyles,https://iss.a2zinc.net/LongBeach2020/Public/eBooth.aspx?IndexInList=230&FromPage=Exhibitors.aspx&ParentBoothID=&ListByBooth=true&BoothID=998242,1134,http://wholesale.ramcolifestyles.com/
233,RANAR Mfg Co Inc,https://iss.a2zinc.net/LongBeach2020/Public/eBooth.aspx?IndexInList=231&FromPage=Exhibitors.aspx&ParentBoothID=&ListByBooth=true&BoothID=997558,252,http://www.ranar.com
234,Reprime,https://iss.a2zinc.net/LongBeach2020/Public/eBooth.aspx?IndexInList=232&FromPage=Exhibitors.aspx&ParentBoothID=&ListByBooth=true&BoothID=1024891,861,http://reprimeworkwear.com
235,Ricoma Embroidery Machines,https://iss.a2zinc.net/LongBeach2020/Public/eBooth.aspx?IndexInList=233&FromPage=Exhibitors.aspx&ParentBoothID=&ListByBooth=true&BoothID=1024890,"849, 855",http://www.ricoma.us
236,Riso Kagaku Corporation,https://iss.a2zinc.net/LongBeach2020/Public/eBooth.aspx?IndexInList=234&FromPage=Exhibitors.aspx&ParentBoothID=&ListByBooth=true&BoothID=998694,2219,http://www.riso.co.jp
237,Roland DGA,https://iss.a2zinc.net/LongBeach2020/Public/eBooth.aspx?IndexInList=235&FromPage=Exhibitors.aspx&ParentBoothID=&ListByBooth=true&BoothID=998333,1559,http://www.rolanddga.com
238,ROQ US,https://iss.a2zinc.net/LongBeach2020/Public/eBooth.aspx?IndexInList=236&FromPage=Exhibitors.aspx&ParentBoothID=&ListByBooth=true&BoothID=998713,3001,www.roq.us
239,ROTHCO,https://iss.a2zinc.net/LongBeach2020/Public/eBooth.aspx?IndexInList=237&FromPage=Exhibitors.aspx&ParentBoothID=&ListByBooth=true&BoothID=997648,134,http://www.rothco.com
240,Royal Apparel,https://iss.a2zinc.net/LongBeach2020/Public/eBooth.aspx?IndexInList=238&FromPage=Exhibitors.aspx&ParentBoothID=&ListByBooth=true&BoothID=998699,124,http://www.royalapparel.net
241,RTP Apparel LLC.,https://iss.a2zinc.net/LongBeach2020/Public/eBooth.aspx?IndexInList=239&FromPage=Exhibitors.aspx&ParentBoothID=&ListByBooth=true&BoothID=1024861,2129,http://www.imagearmorpt.com
242,Ryonet + ROQ,https://iss.a2zinc.net/LongBeach2020/Public/eBooth.aspx?IndexInList=240&FromPage=Exhibitors.aspx&ParentBoothID=&ListByBooth=true&BoothID=1070967,3001,http://www.screenprinting.com
243,S&S Activewear,https://iss.a2zinc.net/LongBeach2020/Public/eBooth.aspx?IndexInList=241&FromPage=Exhibitors.aspx&ParentBoothID=&ListByBooth=true&BoothID=998314,1748,http://www.ssactivewear.com
244,SAATI Americas Corp,https://iss.a2zinc.net/LongBeach2020/Public/eBooth.aspx?IndexInList=242&FromPage=Exhibitors.aspx&ParentBoothID=&ListByBooth=true&BoothID=998161,1525,http://www.saatiamericas.com
245,SAGE,https://iss.a2zinc.net/LongBeach2020/Public/eBooth.aspx?IndexInList=243&FromPage=Exhibitors.aspx&ParentBoothID=&ListByBooth=true&BoothID=1042787,686,http://www.sageworld.com
246,SanMar,https://iss.a2zinc.net/LongBeach2020/Public/eBooth.aspx?IndexInList=244&FromPage=Exhibitors.aspx&ParentBoothID=&ListByBooth=true&BoothID=998174,1433,http://www.sanmar.com
247,Savi Customs,https://iss.a2zinc.net/LongBeach2020/Public/eBooth.aspx?IndexInList=245&FromPage=Exhibitors.aspx&ParentBoothID=&ListByBooth=true&BoothID=997666,2526,www.savicustoms.com
248,Sawgrass Technologies,https://iss.a2zinc.net/LongBeach2020/Public/eBooth.aspx?IndexInList=246&FromPage=Exhibitors.aspx&ParentBoothID=&ListByBooth=true&BoothID=998365,1361,http://www.sawgrassink.com
249,Screen Systems Co.,https://iss.a2zinc.net/LongBeach2020/Public/eBooth.aspx?IndexInList=247&FromPage=Exhibitors.aspx&ParentBoothID=&ListByBooth=true&BoothID=998615,682,http://www.screensystemsonline.com
250,Sefar Inc,https://iss.a2zinc.net/LongBeach2020/Public/eBooth.aspx?IndexInList=248&FromPage=Exhibitors.aspx&ParentBoothID=&ListByBooth=true&BoothID=997886,730,http://www.sefar.us
251,Serimak A.S.,https://iss.a2zinc.net/LongBeach2020/Public/eBooth.aspx?IndexInList=249&FromPage=Exhibitors.aspx&ParentBoothID=&ListByBooth=true&BoothID=1069957,1617,http://www.serimak.com
252,Shinchang Hotmelt,https://iss.a2zinc.net/LongBeach2020/Public/eBooth.aspx?IndexInList=250&FromPage=Exhibitors.aspx&ParentBoothID=&ListByBooth=true&BoothID=1043102,3605,http://www.schotmelt.com
253,SHL Screen and Digital Supply,https://iss.a2zinc.net/LongBeach2020/Public/eBooth.aspx?IndexInList=251&FromPage=Exhibitors.aspx&ParentBoothID=&ListByBooth=true&BoothID=997893,631,http://www.shl-supply.com
254,ShopVOX,https://iss.a2zinc.net/LongBeach2020/Public/eBooth.aspx?IndexInList=252&FromPage=Exhibitors.aspx&ParentBoothID=&ListByBooth=true&BoothID=998653,560,http://www.shopvox.com
255,ShopWorks,https://iss.a2zinc.net/LongBeach2020/Public/eBooth.aspx?IndexInList=253&FromPage=Exhibitors.aspx&ParentBoothID=&ListByBooth=true&BoothID=997657,102,http://www.shopworx.com
256,Shur-Loc Fabric System,https://iss.a2zinc.net/LongBeach2020/Public/eBooth.aspx?IndexInList=254&FromPage=Exhibitors.aspx&ParentBoothID=&ListByBooth=true&BoothID=997547,1627,http://www.shurloc.com
257,Silky Socks,https://iss.a2zinc.net/LongBeach2020/Public/eBooth.aspx?IndexInList=255&FromPage=Exhibitors.aspx&ParentBoothID=&ListByBooth=true&BoothID=997644,364,https://silkysocks.com
258,Simplex Apparel,https://iss.a2zinc.net/LongBeach2020/Public/eBooth.aspx?IndexInList=256&FromPage=Exhibitors.aspx&ParentBoothID=&ListByBooth=true&BoothID=998432,955,https://simplexapparel.com/
259,Siser North America,https://iss.a2zinc.net/LongBeach2020/Public/eBooth.aspx?IndexInList=257&FromPage=Exhibitors.aspx&ParentBoothID=&ListByBooth=true&BoothID=1043142,3715,http://www.siserna.com
260,"Six Thirteen Originals, LLC",https://iss.a2zinc.net/LongBeach2020/Public/eBooth.aspx?IndexInList=258&FromPage=Exhibitors.aspx&ParentBoothID=&ListByBooth=true&BoothID=1024824,954,http://www.613originals.com
261,SLC Activewear,https://iss.a2zinc.net/LongBeach2020/Public/eBooth.aspx?IndexInList=259&FromPage=Exhibitors.aspx&ParentBoothID=&ListByBooth=true&BoothID=1024912,1962,http://www.slcactivewear.com
262,Smartex Apparel,https://iss.a2zinc.net/LongBeach2020/Public/eBooth.aspx?IndexInList=260&FromPage=Exhibitors.aspx&ParentBoothID=&ListByBooth=true&BoothID=998564,557,http://www.smartexapparel.com
263,Sonic Patch & Pin,https://iss.a2zinc.net/LongBeach2020/Public/eBooth.aspx?IndexInList=261&FromPage=Exhibitors.aspx&ParentBoothID=&ListByBooth=true&BoothID=1060871,3631,http://SonicPatch.com
264,Specialty Materials,https://iss.a2zinc.net/LongBeach2020/Public/eBooth.aspx?IndexInList=262&FromPage=Exhibitors.aspx&ParentBoothID=&ListByBooth=true&BoothID=998485,834,http://www.specialtymaterials.com
265,Sportime Distribution Centers,https://iss.a2zinc.net/LongBeach2020/Public/eBooth.aspx?IndexInList=263&FromPage=Exhibitors.aspx&ParentBoothID=&ListByBooth=true&BoothID=998666,461,http://www.sportimedc.com
266,Sprayway  Inc,https://iss.a2zinc.net/LongBeach2020/Public/eBooth.aspx?IndexInList=264&FromPage=Exhibitors.aspx&ParentBoothID=&ListByBooth=true&BoothID=1043146,3806,http://www.sprayway.com
267,SPSI Inc,https://iss.a2zinc.net/LongBeach2020/Public/eBooth.aspx?IndexInList=265&FromPage=Exhibitors.aspx&ParentBoothID=&ListByBooth=true&BoothID=1024725,2249,http://www.spsi.com
268,"Stadium Chair Company, The",https://iss.a2zinc.net/LongBeach2020/Public/eBooth.aspx?IndexInList=266&FromPage=Exhibitors.aspx&ParentBoothID=&ListByBooth=true&BoothID=997891,635,http://www.promochair.com
269,STAHLS',https://iss.a2zinc.net/LongBeach2020/Public/eBooth.aspx?IndexInList=267&FromPage=Exhibitors.aspx&ParentBoothID=&ListByBooth=true&BoothID=1016920,1011,https://www.stahls.com/
270,Stain Imaging,https://iss.a2zinc.net/LongBeach2020/Public/eBooth.aspx?IndexInList=268&FromPage=Exhibitors.aspx&ParentBoothID=&ListByBooth=true&BoothID=1043137,3713,http://www.stainimaging.com
271,STARTEX Blanks,https://iss.a2zinc.net/LongBeach2020/Public/eBooth.aspx?IndexInList=269&FromPage=Exhibitors.aspx&ParentBoothID=&ListByBooth=true&BoothID=997562,140,No Website
272,Stitch It International Inc,https://iss.a2zinc.net/LongBeach2020/Public/eBooth.aspx?IndexInList=270&FromPage=Exhibitors.aspx&ParentBoothID=&ListByBooth=true&BoothID=998248,1041,http://www.stitchitintl.com
273,Suna Cotton Inc.,https://iss.a2zinc.net/LongBeach2020/Public/eBooth.aspx?IndexInList=271&FromPage=Exhibitors.aspx&ParentBoothID=&ListByBooth=true&BoothID=1045809,157,http://www.sunacotton.com
274,Sunshine Embroidery Punching,https://iss.a2zinc.net/LongBeach2020/Public/eBooth.aspx?IndexInList=272&FromPage=Exhibitors.aspx&ParentBoothID=&ListByBooth=true&BoothID=998697,138,http://www.sunshinedigitizing.com
275,"Super Patch USA, Inc. / Ancko",https://iss.a2zinc.net/LongBeach2020/Public/eBooth.aspx?IndexInList=273&FromPage=Exhibitors.aspx&ParentBoothID=&ListByBooth=true&BoothID=1024884,761,http://www.ancko.com
276,SWF,https://iss.a2zinc.net/LongBeach2020/Public/eBooth.aspx?IndexInList=274&FromPage=Exhibitors.aspx&ParentBoothID=&ListByBooth=true&BoothID=998371,1349,http://www.stitchitintl.com
277,"Tee Styled, Inc.",https://iss.a2zinc.net/LongBeach2020/Public/eBooth.aspx?IndexInList=275&FromPage=Exhibitors.aspx&ParentBoothID=&ListByBooth=true&BoothID=998656,475,http://www.teestyled.com
278,TEKMAR,https://iss.a2zinc.net/LongBeach2020/Public/eBooth.aspx?IndexInList=276&FromPage=Exhibitors.aspx&ParentBoothID=&ListByBooth=true&BoothID=997684,2032,http://www.tekmarltd.com
279,Tentac,https://iss.a2zinc.net/LongBeach2020/Public/eBooth.aspx?IndexInList=277&FromPage=Exhibitors.aspx&ParentBoothID=&ListByBooth=true&BoothID=1045794,3709,http://www.tentac.co.jp/en/location/index.html
280,Terry Town,https://iss.a2zinc.net/LongBeach2020/Public/eBooth.aspx?IndexInList=278&FromPage=Exhibitors.aspx&ParentBoothID=&ListByBooth=true&BoothID=997693,1929,http://www.terrytowninc.com
281,Texmac/Happy Embroidery Machines,https://iss.a2zinc.net/LongBeach2020/Public/eBooth.aspx?IndexInList=279&FromPage=Exhibitors.aspx&ParentBoothID=&ListByBooth=true&BoothID=997561,2319,https://happyemb.com
282,The Liebe Company,https://iss.a2zinc.net/LongBeach2020/Public/eBooth.aspx?IndexInList=280&FromPage=Exhibitors.aspx&ParentBoothID=&ListByBooth=true&BoothID=1022749,1429,http://www.liebe.com
283,TheMagicTouchUSA,https://iss.a2zinc.net/LongBeach2020/Public/eBooth.aspx?IndexInList=281&FromPage=Exhibitors.aspx&ParentBoothID=&ListByBooth=true&BoothID=1065301,3712,www.themagictouchusa.com
284,Threadfast Apparel,https://iss.a2zinc.net/LongBeach2020/Public/eBooth.aspx?IndexInList=282&FromPage=Exhibitors.aspx&ParentBoothID=&ListByBooth=true&BoothID=997949,1219,http://www.threadfastapparel.com
285,Three Layer Sportswear,https://iss.a2zinc.net/LongBeach2020/Public/eBooth.aspx?IndexInList=283&FromPage=Exhibitors.aspx&ParentBoothID=&ListByBooth=true&BoothID=998638,579,http://www.threelayer.com
286,Tingley Rubber Corp,https://iss.a2zinc.net/LongBeach2020/Public/eBooth.aspx?IndexInList=284&FromPage=Exhibitors.aspx&ParentBoothID=&ListByBooth=true&BoothID=1085095,3722,http://www.tingleyrubber.com
287,Toppy-T,https://iss.a2zinc.net/LongBeach2020/Public/eBooth.aspx?IndexInList=285&FromPage=Exhibitors.aspx&ParentBoothID=&ListByBooth=true&BoothID=997567,556,http://www.toppy-t.com
288,Transfer Express,https://iss.a2zinc.net/LongBeach2020/Public/eBooth.aspx?IndexInList=286&FromPage=Exhibitors.aspx&ParentBoothID=&ListByBooth=true&BoothID=1016916,913,http://www.transferexpress.com
289,Tri-Mountain,https://iss.a2zinc.net/LongBeach2020/Public/eBooth.aspx?IndexInList=287&FromPage=Exhibitors.aspx&ParentBoothID=&ListByBooth=true&BoothID=998113,1924,http://www.trimountain.com
290,"Trotec Laser, Inc",https://iss.a2zinc.net/LongBeach2020/Public/eBooth.aspx?IndexInList=288&FromPage=Exhibitors.aspx&ParentBoothID=&ListByBooth=true&BoothID=998659,470,http://www.troteclaser.com
291,TRW,https://iss.a2zinc.net/LongBeach2020/Public/eBooth.aspx?IndexInList=289&FromPage=Exhibitors.aspx&ParentBoothID=&ListByBooth=true&BoothID=997879,442,http://www.therhinestoneworld.com
292,TSC Apparel,https://iss.a2zinc.net/LongBeach2020/Public/eBooth.aspx?IndexInList=290&FromPage=Exhibitors.aspx&ParentBoothID=&ListByBooth=true&BoothID=1024745,"734, 735",http://www.tscapparel.com
293,TURAN KIMYA SAN VE TIC A.S.,https://iss.a2zinc.net/LongBeach2020/Public/eBooth.aspx?IndexInList=291&FromPage=Exhibitors.aspx&ParentBoothID=&ListByBooth=true&BoothID=997551,629,http://www.turankimya.com
294,TW Graphics,https://iss.a2zinc.net/LongBeach2020/Public/eBooth.aspx?IndexInList=292&FromPage=Exhibitors.aspx&ParentBoothID=&ListByBooth=true&BoothID=997890,637,https://www.eptanova.com/en
295,Twill USA,https://iss.a2zinc.net/LongBeach2020/Public/eBooth.aspx?IndexInList=293&FromPage=Exhibitors.aspx&ParentBoothID=&ListByBooth=true&BoothID=997656,104,http://www.twillusa.com
296,U.S. Apparel,https://iss.a2zinc.net/LongBeach2020/Public/eBooth.aspx?IndexInList=294&FromPage=Exhibitors.aspx&ParentBoothID=&ListByBooth=true&BoothID=1065995,2162,http://www.usapparelonline.com
297,Universal Impressions Inc,https://iss.a2zinc.net/LongBeach2020/Public/eBooth.aspx?IndexInList=295&FromPage=Exhibitors.aspx&ParentBoothID=&ListByBooth=true&BoothID=1055931,2451,http://www.universalimpression.com
298,US Blanks,https://iss.a2zinc.net/LongBeach2020/Public/eBooth.aspx?IndexInList=296&FromPage=Exhibitors.aspx&ParentBoothID=&ListByBooth=true&BoothID=998397,1161,http://www.usblanks.net
299,USCutter,https://iss.a2zinc.net/LongBeach2020/Public/eBooth.aspx?IndexInList=297&FromPage=Exhibitors.aspx&ParentBoothID=&ListByBooth=true&BoothID=1043144,3717,http://www.uscutter.com
300,Vantage Apparel,https://iss.a2zinc.net/LongBeach2020/Public/eBooth.aspx?IndexInList=298&FromPage=Exhibitors.aspx&ParentBoothID=&ListByBooth=true&BoothID=997608,2058,http://www.vantageapparel.com
301,Vapor Apparel,https://iss.a2zinc.net/LongBeach2020/Public/eBooth.aspx?IndexInList=299&FromPage=Exhibitors.aspx&ParentBoothID=&ListByBooth=true&BoothID=1071694,3723,http://www.vaporapparel.com
302,Vastex International Inc.,https://iss.a2zinc.net/LongBeach2020/Public/eBooth.aspx?IndexInList=300&FromPage=Exhibitors.aspx&ParentBoothID=&ListByBooth=true&BoothID=998287,1949,http://www.vastex.com
303,Webstores Simple,https://iss.a2zinc.net/LongBeach2020/Public/eBooth.aspx?IndexInList=301&FromPage=Exhibitors.aspx&ParentBoothID=&ListByBooth=true&BoothID=1043113,3726,http://www.webstoressimple.com
304,Wellington House Inc,https://iss.a2zinc.net/LongBeach2020/Public/eBooth.aspx?IndexInList=302&FromPage=Exhibitors.aspx&ParentBoothID=&ListByBooth=true&BoothID=1015166,1119,http://www.wellingtonhouse.com
305,Wilcom America Inc,https://iss.a2zinc.net/LongBeach2020/Public/eBooth.aspx?IndexInList=303&FromPage=Exhibitors.aspx&ParentBoothID=&ListByBooth=true&BoothID=997877,441,http://www.wilcomamerica.com
306,"WM Plastics, Inc.",https://iss.a2zinc.net/LongBeach2020/Public/eBooth.aspx?IndexInList=304&FromPage=Exhibitors.aspx&ParentBoothID=&ListByBooth=true&BoothID=997649,133,http://www.wmplasticsinc.com
307,Wolfmark,https://iss.a2zinc.net/LongBeach2020/Public/eBooth.aspx?IndexInList=305&FromPage=Exhibitors.aspx&ParentBoothID=&ListByBooth=true&BoothID=1024756,733,http://www.wolfmarkties.com
308,Workhorse Products,https://iss.a2zinc.net/LongBeach2020/Public/eBooth.aspx?IndexInList=306&FromPage=Exhibitors.aspx&ParentBoothID=&ListByBooth=true&BoothID=998339,1549,http://www.workhorseproducts.com
309,Workhorse Products,https://iss.a2zinc.net/LongBeach2020/Public/eBooth.aspx?IndexInList=307&FromPage=Exhibitors.aspx&ParentBoothID=&ListByBooth=true&BoothID=998355,1449,http://www.workhorseproducts.com
310,"Wuhan Golden Laser Co., Ltd.",https://iss.a2zinc.net/LongBeach2020/Public/eBooth.aspx?IndexInList=308&FromPage=Exhibitors.aspx&ParentBoothID=&ListByBooth=true&BoothID=1071119,3723,www.goldenlaser.cc
311,"Wuhan JinHaoXing Photoelectric Co.,Ltd.",https://iss.a2zinc.net/LongBeach2020/Public/eBooth.aspx?IndexInList=309&FromPage=Exhibitors.aspx&ParentBoothID=&ListByBooth=true&BoothID=1043110,3718,www.jhxlaser.com
312,Xpresscreen Inc,https://iss.a2zinc.net/LongBeach2020/Public/eBooth.aspx?IndexInList=310&FromPage=Exhibitors.aspx&ParentBoothID=&ListByBooth=true&BoothID=997887,641,http://www.xpresscreen.com
313,YoPrint,https://iss.a2zinc.net/LongBeach2020/Public/eBooth.aspx?IndexInList=311&FromPage=Exhibitors.aspx&ParentBoothID=&ListByBooth=true&BoothID=1045796,3705,https://www.yoprint.com
314,ZSK Machines,https://iss.a2zinc.net/LongBeach2020/Public/eBooth.aspx?IndexInList=312&FromPage=Exhibitors.aspx&ParentBoothID=&ListByBooth=true&BoothID=998114,1839,http://www.zskmachines.com
315,Zuni Sportswear,https://iss.a2zinc.net/LongBeach2020/Public/eBooth.aspx?IndexInList=313&FromPage=Exhibitors.aspx&ParentBoothID=&ListByBooth=true&BoothID=998645,571,http://www.zunisportswear.com
